task,category,difficulty,agent,model,passed,duration_seconds,agent_termination,input_tokens,output_tokens,total_tokens,cost_usd,files_changed,insertions,deletions,face_value,efficiency,points,graders,grader_summaries,run_id
activitykit-001,frameworks,7,opencode,minimax/MiniMax-M3,true,398.8,completed,35239,34668,69907,0.1873,5,229,1,70,0.72,50.1,build=P;xcodeproj=P;xctest=P,"build:xcodebuild build succeeded for scheme 'Activitykit001Fixture' | xcodeproj:1 project assertion(s) hold in the resolved configuration | xctest:3 executed, 3 passed, 0 failed, 0 skipped",2026-09-02T103557-activitykit-001-opencode
appintents-001,frameworks,2,opencode,minimax/MiniMax-M3,true,35.8,completed,6046,502,6548,0.0052,1,1,0,20,1.00,20.0,build=P;xctest=P,"build:xcodebuild build succeeded for scheme 'AppIntentFixture' | xctest:1 executed, 1 passed, 0 failed, 0 skipped",2026-09-01T155713-appintents-001-opencode
appintents-002,frameworks,5,opencode,minimax/MiniMax-M3,true,43.1,completed,17459,1316,18775,0.0107,1,4,3,50,1.00,50.0,build=P;xctest=P,"build:xcodebuild build succeeded for scheme 'Appintents002Fixture' | xctest:3 executed, 3 passed, 0 failed, 0 skipped",2026-09-02T104236-appintents-002-opencode
appintents-003,frameworks,5,opencode,minimax/MiniMax-M3,true,36.6,completed,13474,983,14457,0.0091,1,1,1,50,1.00,50.0,build=P;xctest=P,"build:xcodebuild build succeeded for scheme 'Appintents003Fixture' | xctest:4 executed, 4 passed, 0 failed, 0 skipped",2026-09-02T104320-appintents-003-opencode
appintents-004,frameworks,6,opencode,minimax/MiniMax-M3,true,43.5,completed,9789,878,10667,0.0078,1,1,4,60,1.00,60.0,build=P;xctest=P,"build:xcodebuild build succeeded for scheme 'Appintents004Fixture' | xctest:2 executed, 2 passed, 0 failed, 0 skipped",2026-09-02T104357-appintents-004-opencode
bg-001,frameworks,6,opencode,minimax/MiniMax-M3,true,29.5,completed,12764,523,13287,0.0065,1,1,0,60,1.00,60.0,build=P;xctest=P,"build:xcodebuild build succeeded for scheme 'Bg001Fixture' | xctest:4 executed, 4 passed, 0 failed, 0 skipped",2026-09-02T104442-bg-001-opencode
bg-002,frameworks,6,opencode,minimax/MiniMax-M3,true,51.5,completed,11754,1112,12866,0.0088,1,1,1,60,1.00,60.0,build=P;xctest=P,"build:xcodebuild build succeeded for scheme 'Bg002Fixture' | xctest:3 executed, 3 passed, 0 failed, 0 skipped",2026-09-02T104512-bg-002-opencode
build-002,build,2,opencode,minimax/MiniMax-M3,true,53.4,completed,17493,2732,20225,0.0138,1,4,2,20,1.00,20.0,build=P;xcodeproj=P,build:xcodebuild build succeeded for scheme 'AvailabilityFixture' | xcodeproj:1 project assertion(s) hold in the resolved configuration,2026-09-01T155338-build-002-opencode
build-005,build,5,opencode,minimax/MiniMax-M3,false,69.5,completed,33970,3355,37325,0.0252,2,2,2,50,1.00,0.0,build=P;file=F,build:xcodebuild build succeeded for scheme 'LinkErrorFixture' | file:Packages/Integrity/Sources/CIntegrity/include/cintegrity.h: expected diff to exclude this path,2026-09-01T155750-build-005-opencode
concurrency-001,frameworks,5,opencode,minimax/MiniMax-M3,true,27.9,completed,6615,817,7432,0.0063,1,2,4,50,1.00,50.0,build=P;xctest=P,"build:xcodebuild build succeeded for scheme 'Concurrency001Fixture' | xctest:2 executed, 2 passed, 0 failed, 0 skipped",2026-09-02T104604-concurrency-001-opencode
concurrency-002,frameworks,6,opencode,minimax/MiniMax-M3,true,30.2,completed,7243,905,8148,0.0057,1,4,3,60,1.00,60.0,build=P;xctest=P,"build:xcodebuild build succeeded for scheme 'Concurrency002Fixture' | xctest:3 executed, 3 passed, 0 failed, 0 skipped",2026-09-02T104633-concurrency-002-opencode
concurrency-003,frameworks,7,opencode,minimax/MiniMax-M3,false,86.7,completed,11119,3222,14341,0.0112,1,1,1,70,1.00,0.0,build=P;xctest=F,"build:xcodebuild build succeeded for scheme 'Concurrency003Fixture' | xctest:3 executed, 2 passed, 1 failed, 0 skipped — failing: TelemetryFeedTests/testABacklogDoesNotGrowWithoutLimit()",2026-09-02T104710-concurrency-003-opencode
concurrency-004,frameworks,6,opencode,minimax/MiniMax-M3,false,44.8,completed,18640,2338,20978,0.0123,1,4,7,60,1.00,0.0,build=P;xctest=F,"build:xcodebuild build succeeded for scheme 'Concurrency004Fixture' | xctest:0 executed, 0 passed, 0 failed, 0 skipped — no tests executed",2026-09-02T104837-concurrency-004-opencode
concurrency-005,frameworks,5,opencode,minimax/MiniMax-M3,true,124.9,completed,23941,1355,25296,0.0123,1,5,5,50,1.00,50.0,build=P;xctest=P,"build:xcodebuild build succeeded for scheme 'Concurrency005Fixture' | xctest:3 executed, 3 passed, 0 failed, 0 skipped",2026-09-02T104923-concurrency-005-opencode
concurrency-006,frameworks,4,opencode,minimax/MiniMax-M3,true,78.4,completed,26211,6799,33010,0.0247,1,5,1,40,1.00,40.0,build=P;xctest=P,"build:xcodebuild build succeeded for scheme 'Concurrency006Fixture' | xctest:2 executed, 2 passed, 0 failed, 0 skipped",2026-09-02T105128-concurrency-006-opencode
concurrency-007,frameworks,7,opencode,minimax/MiniMax-M3,true,30.9,completed,6359,549,6908,0.0050,1,1,2,70,1.00,70.0,build=P;xctest=P,"build:xcodebuild build succeeded for scheme 'Concurrency007Fixture' | xctest:2 executed, 2 passed, 0 failed, 0 skipped",2026-09-02T105248-concurrency-007-opencode
concurrency-008,frameworks,3,opencode,minimax/MiniMax-M3,false,96.3,completed,9483,3923,13406,0.0150,1,5,2,30,1.00,0.0,build=P;xctest=F;runtime=P,"build:xcodebuild build succeeded for scheme 'ConcurrencyCancellationFixture' | xctest:0 executed, 0 passed, 0 failed, 0 skipped — no tests executed | runtime:Process survived 5s observation window",2026-09-02T105319-concurrency-008-opencode
coredata-001,frameworks,3,opencode,minimax/MiniMax-M3,true,38.7,completed,7270,596,7866,0.0059,1,1,1,30,1.00,30.0,build=P;xctest=P,"build:xcodebuild build succeeded for scheme 'CoreDataNotesFixture' | xctest:1 executed, 1 passed, 0 failed, 0 skipped",2026-09-01T155900-coredata-001-opencode
coredata-002,frameworks,5,opencode,minimax/MiniMax-M3,true,38.9,completed,7340,838,8178,0.0061,1,1,0,50,1.00,50.0,build=P;xctest=P,"build:xcodebuild build succeeded for scheme 'CoreDataSaveFixture' | xctest:1 executed, 1 passed, 0 failed, 0 skipped",2026-09-01T155940-coredata-002-opencode
coredata-003,frameworks,8,opencode,minimax/MiniMax-M3,true,908.8,completed,341716,51051,392767,0.5018,1,46,4,80,0.25,20.0,build=P;xctest=P,"build:xcodebuild build succeeded for scheme 'Coredata003Fixture' | xctest:2 executed, 2 passed, 0 failed, 0 skipped",2026-09-02T105500-coredata-003-opencode
coredata-004,frameworks,7,opencode,minimax/MiniMax-M3,true,79.9,completed,18423,1841,20264,0.0163,1,1,0,70,1.00,70.0,build=P;xctest=P,"build:xcodebuild build succeeded for scheme 'Coredata004Fixture' | xctest:2 executed, 2 passed, 0 failed, 0 skipped",2026-09-02T111010-coredata-004-opencode
coredata-005,frameworks,6,opencode,minimax/MiniMax-M3,true,117.1,completed,84725,4849,89574,0.0398,2,92,2,60,0.56,33.5,build=P;xctest=P,"build:xcodebuild build succeeded for scheme 'Coredata005Fixture' | xctest:2 executed, 2 passed, 0 failed, 0 skipped",2026-09-02T111130-coredata-005-opencode
coredata-006,frameworks,7,opencode,minimax/MiniMax-M3,true,30.8,completed,7171,1067,8238,0.0063,1,1,1,70,1.00,70.0,build=P;xctest=P,"build:xcodebuild build succeeded for scheme 'Coredata006Fixture' | xctest:2 executed, 2 passed, 0 failed, 0 skipped",2026-09-02T111328-coredata-006-opencode
coredata-007,frameworks,3,opencode,minimax/MiniMax-M3,false,31.2,completed,8129,730,8859,0.0056,1,2,1,30,1.00,0.0,build=F;xctest=F,"build:xcodebuild build failed (exit 65) for scheme 'Coredata007Fixture' | xctest:0 executed, 0 passed, 0 failed, 0 skipped — no tests executed",2026-09-02T111400-coredata-007-opencode
coredata-008,frameworks,5,opencode,minimax/MiniMax-M3,true,34.8,completed,7715,735,8450,0.0050,1,1,1,50,1.00,50.0,build=P;xctest=P,"build:xcodebuild build succeeded for scheme 'Coredata008Fixture' | xctest:3 executed, 3 passed, 0 failed, 0 skipped",2026-09-02T111431-coredata-008-opencode
coredata-009,frameworks,5,opencode,minimax/MiniMax-M3,true,64.6,completed,8865,649,9514,0.0063,1,1,1,50,1.00,50.0,build=P;xctest=P,"build:xcodebuild build succeeded for scheme 'Coredata009Fixture' | xctest:2 executed, 2 passed, 0 failed, 0 skipped",2026-09-02T111507-coredata-009-opencode
coredata-010,frameworks,6,opencode,minimax/MiniMax-M3,false,67.6,completed,10926,2692,13618,0.0101,1,12,0,60,1.00,0.0,build=F;xctest=F,"build:xcodebuild build failed (exit 65) for scheme 'Coredata010Fixture' | xctest:0 executed, 0 passed, 0 failed, 0 skipped — no tests executed",2026-09-02T111612-coredata-010-opencode
healthkit-001,frameworks,6,opencode,minimax/MiniMax-M3,false,220.4,completed,39524,17267,56791,0.0671,3,51,3,60,0.88,0.0,build=P;xcodeproj=F;xctest=P,"build:xcodebuild build succeeded for scheme 'Healthkit001Fixture' | xcodeproj:1 of 2 project assertion(s) failed — Info.plist key NSHealthUpdateUsageDescription is not set | xctest:3 executed, 3 passed, 0 failed, 0 skipped",2026-09-02T111721-healthkit-001-opencode
interaction-001,interaction,1,opencode,minimax/MiniMax-M3,true,94.8,completed,8358,1255,9613,0.0087,2,2,2,10,1.00,10.0,build=P;xcuitest=P,"build:xcodebuild build succeeded for scheme 'CartFixture' | xcuitest:1 executed, 1 passed, 0 failed, 0 skipped",2026-09-01T160020-interaction-001-opencode
interaction-002,interaction,2,opencode,minimax/MiniMax-M3,true,94.2,completed,24106,490,24596,0.0087,1,1,1,20,1.00,20.0,build=P;xcuitest=P,"build:xcodebuild build succeeded for scheme 'SearchFixture' | xcuitest:2 executed, 2 passed, 0 failed, 0 skipped",2026-09-01T160158-interaction-002-opencode
interaction-003,interaction,3,opencode,minimax/MiniMax-M3,true,79.2,completed,7853,960,8813,0.0055,1,1,0,30,1.00,30.0,build=P;xcuitest=P,"build:xcodebuild build succeeded for scheme 'RefreshFixture' | xcuitest:1 executed, 1 passed, 0 failed, 0 skipped",2026-09-01T160337-interaction-003-opencode
interaction-004,interaction,4,opencode,minimax/MiniMax-M3,true,148.6,completed,7642,3102,10744,0.0113,1,4,14,40,1.00,40.0,build=P;xcuitest=P,"build:xcodebuild build succeeded for scheme 'FormFlowFixture' | xcuitest:2 executed, 2 passed, 0 failed, 0 skipped",2026-09-01T160502-interaction-004-opencode
interaction-005,interaction,5,opencode,minimax/MiniMax-M3,false,1859.4,timeout,,,,,4,685,1,50,0.25,0.0,build=P;file=F,build:xcodebuild build succeeded for scheme 'GestureFixture' | file:gesture-log.txt: expected to exist; gesture-log.txt: unreadable or missing; gesture-log.txt: unreadable or missing; gesture-log.txt: unreadable or missing; gesture-log.txt: unreadable or missing; gesture-log.txt: unreadable or missing; gesture-log.txt: unreadable or missing; gesture-log.txt: unreadable or missing,2026-09-01T160735-interaction-005-opencode
mapkit-001,frameworks,4,opencode,minimax/MiniMax-M3,true,49.7,completed,12327,1579,13906,0.0093,1,5,2,40,1.00,40.0,build=P;xctest=P,"build:xcodebuild build succeeded for scheme 'Mapkit001Fixture' | xctest:3 executed, 3 passed, 0 failed, 0 skipped",2026-09-02T112102-mapkit-001-opencode
networking-001,frameworks,4,opencode,minimax/MiniMax-M3,true,82.8,completed,16118,2346,18464,0.0142,1,6,1,40,1.00,40.0,build=P;xctest=P,"build:xcodebuild build succeeded for scheme 'Networking001Fixture' | xctest:3 executed, 3 passed, 0 failed, 0 skipped",2026-09-02T112152-networking-001-opencode
networking-002,frameworks,3,opencode,minimax/MiniMax-M3,true,35.4,completed,7254,462,7716,0.0050,1,1,1,30,1.00,30.0,build=P;xctest=P,"build:xcodebuild build succeeded for scheme 'Networking002Fixture' | xctest:3 executed, 3 passed, 0 failed, 0 skipped",2026-09-02T112316-networking-002-opencode
networking-003,frameworks,6,opencode,minimax/MiniMax-M3,true,43.5,completed,6771,1211,7982,0.0065,1,3,0,60,1.00,60.0,build=P;xctest=P,"build:xcodebuild build succeeded for scheme 'Networking003Fixture' | xctest:3 executed, 3 passed, 0 failed, 0 skipped",2026-09-02T112352-networking-003-opencode
networking-004,frameworks,4,opencode,minimax/MiniMax-M3,true,44.2,completed,8268,978,9246,0.0064,1,1,0,40,1.00,40.0,build=P;xctest=P,"build:xcodebuild build succeeded for scheme 'Networking004Fixture' | xctest:2 executed, 2 passed, 0 failed, 0 skipped",2026-09-02T112436-networking-004-opencode
networking-005,frameworks,3,opencode,minimax/MiniMax-M3,true,64.0,completed,12966,1783,14749,0.0107,1,6,1,30,1.00,30.0,build=P;xctest=P,"build:xcodebuild build succeeded for scheme 'Networking005Fixture' | xctest:4 executed, 4 passed, 0 failed, 0 skipped",2026-09-02T112521-networking-005-opencode
networking-006,frameworks,4,opencode,minimax/MiniMax-M3,true,29.6,completed,12707,723,13430,0.0072,1,1,2,40,1.00,40.0,build=P;xctest=P,"build:xcodebuild build succeeded for scheme 'Networking006Fixture' | xctest:3 executed, 3 passed, 0 failed, 0 skipped",2026-09-02T112626-networking-006-opencode
networking-007,frameworks,3,opencode,minimax/MiniMax-M3,true,58.5,completed,21717,588,22305,0.0087,1,1,0,30,1.00,30.0,build=P;xctest=P,"build:xcodebuild build succeeded for scheme 'Networking007Fixture' | xctest:3 executed, 3 passed, 0 failed, 0 skipped",2026-09-02T112656-networking-007-opencode
networking-008,frameworks,5,opencode,minimax/MiniMax-M3,true,46.4,completed,8050,804,8854,0.0062,1,1,1,50,1.00,50.0,build=P;xctest=P,"build:xcodebuild build succeeded for scheme 'Networking008Fixture' | xctest:3 executed, 3 passed, 0 failed, 0 skipped",2026-09-02T112755-networking-008-opencode
ops-001,ops,1,opencode,minimax/MiniMax-M3,true,56.8,completed,22981,2464,25445,0.0329,1,433,0,10,1.00,10.0,build=P;file=P,build:xcodebuild build succeeded for scheme 'ConcurrencyFixture' | file:1 file assertion(s) satisfied,2026-09-01T163835-ops-001-opencode
ops-002,ops,2,opencode,minimax/MiniMax-M3,true,74.7,completed,34474,3700,38174,0.0428,1,26,0,20,1.00,20.0,file=P,file:4 file assertion(s) satisfied,2026-09-01T163932-ops-002-opencode
ops-003,ops,3,opencode,minimax/MiniMax-M3,true,200.9,completed,18595,1745,20340,0.0237,1829,1604,0,30,1.00,30.0,build=P;runtime=P;file=P,build:xcodebuild build succeeded for scheme 'NavigationFixture' | runtime:Process survived 6s observation window | file:2 file assertion(s) satisfied,2026-09-01T174337-ops-003-opencode
ops-004,ops,3,opencode,minimax/MiniMax-M3,true,90.1,completed,12497,4651,17148,0.0226,1,42,0,30,1.00,30.0,build=P;file=P,build:xcodebuild build succeeded for scheme 'BuildFixture' | file:2 file assertion(s) satisfied,2026-09-01T155142-ops-004-opencode
ops-005,ops,4,opencode,minimax/MiniMax-M3,true,157.1,completed,35326,2226,37552,0.0270,1838,2913,0,40,1.00,40.0,build=P;runtime=P;file=P,build:xcodebuild build succeeded for scheme 'DecodingFixture' | runtime:Process survived 4s observation window | file:1 file assertion(s) satisfied,2026-09-01T174658-ops-005-opencode
ops-006,ops,2,opencode,minimax/MiniMax-M3,true,20.4,completed,5703,269,5972,0.0035,1,8,0,20,1.00,20.0,build=P;file=P,build:xcodebuild build succeeded for scheme 'InfoPlistFixture' | file:3 file assertion(s) satisfied,2026-09-01T174941-ops-006-opencode
ops-007,ops,4,opencode,minimax/MiniMax-M3,true,35.1,completed,9014,808,9822,0.0078,1,4,0,40,1.00,40.0,build=P;file=P,build:xcodebuild build succeeded for scheme 'BuildFixture' | file:3 file assertion(s) satisfied,2026-09-01T175001-ops-007-opencode
ops-008,ops,5,opencode,minimax/MiniMax-M3,true,39.1,completed,19308,684,19992,0.0093,1,16,0,50,1.00,50.0,build=P;file=P,build:xcodebuild build succeeded for scheme 'BuildFixture' | file:3 file assertion(s) satisfied,2026-09-01T175037-ops-008-opencode
ops-009,ops,6,opencode,minimax/MiniMax-M3,true,1280.9,completed,684740,40235,724975,0.9490,6,113,0,60,0.25,15.0,build=P;file=P,build:xcodebuild build succeeded for scheme 'BuildFixture' | file:3 file assertion(s) satisfied,2026-09-01T175118-ops-009-opencode
ops-010,ops,5,opencode,minimax/MiniMax-M3,true,1635.2,timeout,,,,,7515,6519,2,50,0.25,12.5,build=P;runtime=P;file=P,build:xcodebuild build succeeded for scheme 'NavigationFixture' | runtime:Process survived 5s observation window | file:2 file assertion(s) satisfied,2026-09-01T181240-ops-010-opencode
ops-011,ops,3,opencode,minimax/MiniMax-M3,false,28.2,completed,7259,1151,8410,0.0070,1,4,0,30,1.00,0.0,build=P;file=F,build:xcodebuild build succeeded for scheme 'BuildFixture' | file:devices.txt: does not contain expected text,2026-09-01T184001-ops-011-opencode
ops-012,ops,9,opencode,minimax/MiniMax-M3,true,238.9,completed,33607,12799,46406,0.0773,3543,5961,0,90,1.00,90.0,build=P;file=P,build:xcodebuild build succeeded for scheme 'ConcurrencyFixture' | file:4 file assertion(s) satisfied,2026-09-02T053519-ops-012-opencode
ops-013,ops,7,opencode,minimax/MiniMax-M3,false,70.3,completed,16029,3059,19088,0.0129,1,37,0,70,1.00,0.0,build=P;file=F,build:xcodebuild build succeeded for scheme 'BuildFixture' | file:lifecycle-report.md: does not match /exit.?code/,2026-09-02T053937-ops-013-opencode
ops-014,ops,5,opencode,minimax/MiniMax-M3,true,206.7,completed,66574,5758,72332,0.0514,2278,3036,0,50,0.69,34.6,build=P;file=P,build:xcodebuild build succeeded for scheme 'NavigationFixture' | file:4 file assertion(s) satisfied,2026-09-02T054048-ops-014-opencode
ops-015,ops,7,opencode,minimax/MiniMax-M3,true,92.3,completed,25382,2923,28305,0.0187,3,104,0,70,1.00,70.0,build=P;file=P,build:xcodebuild build succeeded for scheme 'ScratchApp' | file:3 file assertion(s) satisfied,2026-09-02T054415-ops-015-opencode
ops-016,ops,4,opencode,minimax/MiniMax-M3,true,103.1,completed,21390,3425,24815,0.0246,331,3013,0,40,1.00,40.0,build=P;file=P,build:xcodebuild build succeeded for scheme 'ConcurrencyFixture' | file:5 file assertion(s) satisfied,2026-09-02T054548-ops-016-opencode
ops-017,ops,7,opencode,minimax/MiniMax-M3,true,116.3,completed,14291,3796,18087,0.0218,2,62,0,70,1.00,70.0,build=P;file=P,build:xcodebuild build succeeded for scheme 'NavigationFixture' | file:4 file assertion(s) satisfied,2026-09-02T054732-ops-017-opencode
ops-018,ops,6,opencode,minimax/MiniMax-M3,true,243.0,completed,37945,15519,53464,0.0820,5,108,10,60,0.94,56.1,build=P;file=P,build:xcodebuild build succeeded for scheme 'BuildFixture' | file:4 file assertion(s) satisfied,2026-09-02T054929-ops-018-opencode
ops-019,ops,5,opencode,minimax/MiniMax-M3,true,36.4,completed,11413,1832,13245,0.0103,1,37,0,50,1.00,50.0,build=P;file=P,build:xcodebuild build succeeded for scheme 'BuildFixture' | file:5 file assertion(s) satisfied,2026-09-02T055333-ops-019-opencode
ops-020,ops,4,opencode,minimax/MiniMax-M3,true,70.7,completed,7275,1003,8278,0.0056,1,3377,0,40,1.00,40.0,build=P;file=P,build:xcodebuild build succeeded for scheme 'BuildFixture' | file:4 file assertion(s) satisfied,2026-09-02T055410-ops-020-opencode
ops-021,ops,5,opencode,minimax/MiniMax-M3,true,71.0,completed,15634,1996,17630,0.0139,1,45,0,50,1.00,50.0,build=P;file=P,build:xcodebuild build succeeded for scheme 'BuildFixture' | file:4 file assertion(s) satisfied,2026-09-02T055521-ops-021-opencode
ops-022,ops,6,opencode,minimax/MiniMax-M3,true,460.7,completed,56357,3805,60162,0.0320,1,57,0,60,0.83,49.9,build=P;file=P,build:xcodebuild build succeeded for scheme 'BuildFixture' | file:3 file assertion(s) satisfied,2026-09-02T055634-ops-022-opencode
ops-023,ops,8,opencode,minimax/MiniMax-M3,true,125.5,completed,30108,6918,37026,0.0559,1,185,0,80,1.00,80.0,build=P;file=P,build:xcodebuild build succeeded for scheme 'BuildFixture' | file:4 file assertion(s) satisfied,2026-09-02T060415-ops-023-opencode
ops-024,ops,7,opencode,minimax/MiniMax-M3,true,51.1,completed,9614,1872,11486,0.0084,1,148,0,70,1.00,70.0,build=P;file=P,build:xcodebuild build succeeded for scheme 'BuildFixture' | file:2 file assertion(s) satisfied,2026-09-02T060621-ops-024-opencode
ops-025,ops,5,opencode,minimax/MiniMax-M3,true,177.5,completed,31790,4507,36297,0.0471,1835,1696,0,50,1.00,50.0,build=P;file=P,build:xcodebuild build succeeded for scheme 'NavigationFixture' | file:4 file assertion(s) satisfied,2026-09-02T060713-ops-025-opencode
ops-026,ops,7,opencode,minimax/MiniMax-M3,true,127.3,completed,42831,7356,50187,0.0500,1,60,0,70,1.00,69.7,build=P;file=P,build:xcodebuild build succeeded for scheme 'BuildFixture' | file:3 file assertion(s) satisfied,2026-09-02T061012-ops-026-opencode
ops-027,ops,3,opencode,minimax/MiniMax-M3,false,64.0,timeout,10596,2130,12726,0.0121,0,0,0,30,1.00,0.0,file=F,"file:macos-screen.png: expected to exist; macos-screen.png: unreadable or missing, cannot check PNG; macos-screencapture.md: expected to exist; macos-screencapture.md: unreadable or missing",2026-09-02T061220-ops-027-opencode
ops-028,ops,7,opencode,minimax/MiniMax-M3,true,34.6,completed,14502,1470,15972,0.0155,2,3,2,70,1.00,70.0,build=P;xcodeproj=P;file=P,build:xcodebuild build succeeded for scheme 'XCConfigFixture' | xcodeproj:3 project assertion(s) hold in the resolved configuration | file:2 file assertion(s) satisfied,2026-09-02T061324-ops-028-opencode
ops-029,ops,6,opencode,minimax/MiniMax-M3,true,168.5,completed,17139,2681,19820,0.0223,2,562,0,60,1.00,60.0,file=P,file:13 file assertion(s) satisfied,2026-09-02T061359-ops-029-opencode
project-001,project,1,opencode,minimax/MiniMax-M3,true,24.1,completed,13762,2543,16305,0.0126,1,4,0,10,1.00,10.0,build=P,build:xcodebuild build succeeded for scheme 'TargetMembershipFixture',2026-09-01T155313-project-001-opencode
project-002,project,2,opencode,minimax/MiniMax-M3,true,58.2,completed,23913,793,24706,0.0110,1,2,0,20,1.00,20.0,build=P;xcodeproj=P,build:xcodebuild build succeeded for scheme 'InfoPlistFixture' | xcodeproj:1 project assertion(s) hold in the resolved configuration,2026-09-02T061648-project-002-opencode
project-004,project,4,opencode,minimax/MiniMax-M3,true,241.9,completed,70356,9046,79402,0.0552,2,45,0,40,0.63,25.2,build=P;xctest=P,"build:xcodebuild build succeeded for scheme 'SchemeFixture' | xctest:3 executed, 3 passed, 0 failed, 0 skipped",2026-09-02T061747-project-004-opencode
project-005,project,5,opencode,minimax/MiniMax-M3,true,83.5,completed,47580,3209,50789,0.0261,1,21,0,50,0.98,49.2,build=P,build:xcodebuild build succeeded for scheme 'PackageIntegrationFixture',2026-09-02T062150-project-005-opencode
project-006,project,6,opencode,minimax/MiniMax-M3,true,354.8,completed,46386,16116,62502,0.1018,3,112,0,60,0.80,48.0,build=P;xctest=P,"build:xcodebuild build succeeded for scheme 'MultiTargetFixture' | xctest:2 executed, 2 passed, 0 failed, 0 skipped",2026-09-02T062314-project-006-opencode
push-001,frameworks,6,opencode,minimax/MiniMax-M3,true,67.2,completed,23909,2220,26129,0.0134,1,4,2,60,1.00,60.0,build=P;xctest=P,"build:xcodebuild build succeeded for scheme 'Push001Fixture' | xctest:4 executed, 4 passed, 0 failed, 0 skipped",2026-09-02T112842-push-001-opencode
push-002,frameworks,6,opencode,minimax/MiniMax-M3,false,111.3,completed,10387,901,11288,0.0078,1,4,1,60,1.00,0.0,build=P;xcodeproj=F;file=P;xctest=P,"build:xcodebuild build succeeded for scheme 'Push002Fixture' | xcodeproj:1 of 1 project assertion(s) failed — build setting CODE_SIGN_ENTITLEMENTS is not set | file:1 file assertion(s) satisfied | xctest:3 executed, 3 passed, 0 failed, 0 skipped",2026-09-02T112950-push-002-opencode
runtime-001,runtime,1,opencode,minimax/MiniMax-M3,true,121.7,completed,10567,796,11363,0.0071,2069,5474,1,10,1.00,10.0,build=P;xcuitest=P;runtime=P,"build:xcodebuild build succeeded for scheme 'NavigationFixture' | xcuitest:1 executed, 1 passed, 0 failed, 0 skipped | runtime:Process survived 5s observation window",2026-09-02T062910-runtime-001-opencode
runtime-003,runtime,3,opencode,minimax/MiniMax-M3,true,125.2,completed,10953,2810,13763,0.0106,1,3,1,30,1.00,30.0,build=P;xcuitest=P;runtime=P,"build:xcodebuild build succeeded for scheme 'MainThreadFixture' | xcuitest:1 executed, 1 passed, 0 failed, 0 skipped | runtime:Process survived 5s observation window",2026-09-02T063116-runtime-003-opencode
runtime-004,runtime,4,opencode,minimax/MiniMax-M3,true,129.4,completed,9422,3045,12467,0.0095,1,5,6,40,1.00,40.0,build=P;xcuitest=P;runtime=P,"build:xcodebuild build succeeded for scheme 'UpdateLoopFixture' | xcuitest:2 executed, 2 passed, 0 failed, 0 skipped | runtime:Process survived 5s observation window",2026-09-02T063325-runtime-004-opencode
runtime-005,runtime,5,opencode,minimax/MiniMax-M3,true,337.4,completed,26569,12476,39045,0.0603,1,24,4,50,1.00,50.0,build=P;xcuitest=P;runtime=P,"build:xcodebuild build succeeded for scheme 'RelaunchFixture' | xcuitest:1 executed, 1 passed, 0 failed, 0 skipped | runtime:Process survived 5s observation window",2026-09-02T063539-runtime-005-opencode
storekit-001,frameworks,6,opencode,minimax/MiniMax-M3,false,53.1,completed,13022,2541,15563,0.0131,1,5,1,60,1.00,0.0,build=P;xcodeproj=F;xctest=P,"build:xcodebuild build succeeded for scheme 'Storekit001Fixture' | xcodeproj:1 of 1 project assertion(s) failed — built product does not contain 'Products.storekit' | xctest:3 executed, 3 passed, 0 failed, 0 skipped",2026-09-02T113142-storekit-001-opencode
storekit-002,frameworks,6,opencode,minimax/MiniMax-M3,false,66.0,completed,16675,4833,21508,0.0174,1,15,6,60,1.00,0.0,build=P;xctest=F,"build:xcodebuild build succeeded for scheme 'Storekit002Fixture' | xctest:0 executed, 0 passed, 0 failed, 0 skipped — no tests executed",2026-09-02T113236-storekit-002-opencode
swiftdata-001,frameworks,2,opencode,minimax/MiniMax-M3,true,51.8,completed,6343,515,6858,0.0054,1,1,1,20,1.00,20.0,build=P;xctest=P,"build:xcodebuild build succeeded for scheme 'SwiftDataNotesFixture' | xctest:2 executed, 2 passed, 0 failed, 0 skipped",2026-09-02T064120-swiftdata-001-opencode
swiftdata-002,frameworks,4,opencode,minimax/MiniMax-M3,true,34.5,completed,6759,516,7275,0.0055,1,1,1,40,1.00,40.0,build=P;xctest=P,"build:xcodebuild build succeeded for scheme 'SwiftDataContainerFixture' | xctest:1 executed, 1 passed, 0 failed, 0 skipped",2026-09-02T064213-swiftdata-002-opencode
swiftdata-003,frameworks,6,opencode,minimax/MiniMax-M3,true,31.4,completed,6587,682,7269,0.0052,1,1,0,60,1.00,60.0,build=P;xctest=P,"build:xcodebuild build succeeded for scheme 'Swiftdata003Fixture' | xctest:4 executed, 4 passed, 0 failed, 0 skipped",2026-09-02T113343-swiftdata-003-opencode
swiftdata-004,frameworks,6,opencode,minimax/MiniMax-M3,true,37.5,completed,7407,624,8031,0.0048,1,1,1,60,1.00,60.0,build=P;xctest=P,"build:xcodebuild build succeeded for scheme 'Swiftdata004Fixture' | xctest:1 executed, 1 passed, 0 failed, 0 skipped",2026-09-02T113415-swiftdata-004-opencode
swiftdata-005,frameworks,5,opencode,minimax/MiniMax-M3,true,41.1,completed,13356,1305,14661,0.0100,1,1,1,50,1.00,50.0,build=P;xctest=P,"build:xcodebuild build succeeded for scheme 'Swiftdata005Fixture' | xctest:3 executed, 3 passed, 0 failed, 0 skipped",2026-09-02T113453-swiftdata-005-opencode
swiftdata-006,frameworks,5,opencode,minimax/MiniMax-M3,true,40.4,completed,12734,543,13277,0.0065,1,1,1,50,1.00,50.0,build=P;xctest=P,"build:xcodebuild build succeeded for scheme 'Swiftdata006Fixture' | xctest:3 executed, 3 passed, 0 failed, 0 skipped",2026-09-02T113535-swiftdata-006-opencode
swiftdata-007,frameworks,4,opencode,minimax/MiniMax-M3,true,28.1,completed,8393,663,9056,0.0056,1,1,1,40,1.00,40.0,build=P;xctest=P,"build:xcodebuild build succeeded for scheme 'Swiftdata007Fixture' | xctest:4 executed, 4 passed, 0 failed, 0 skipped",2026-09-02T113616-swiftdata-007-opencode
swiftdata-008,frameworks,7,opencode,minimax/MiniMax-M3,false,54.5,completed,11146,2542,13688,0.0106,1,7,5,70,1.00,0.0,build=P;xctest=F,"build:xcodebuild build succeeded for scheme 'Swiftdata008Fixture' | xctest:3 executed, 2 passed, 1 failed, 0 skipped — failing: SyncedNotesTests/testEveryRelationshipIsOptional()",2026-09-02T113645-swiftdata-008-opencode
swiftdata-009,frameworks,3,opencode,minimax/MiniMax-M3,true,34.7,completed,7341,449,7790,0.0050,1,1,1,30,1.00,30.0,build=P;xctest=P,"build:xcodebuild build succeeded for scheme 'Swiftdata009Fixture' | xctest:3 executed, 3 passed, 0 failed, 0 skipped",2026-09-02T113741-swiftdata-009-opencode
swiftdata-010,frameworks,6,opencode,minimax/MiniMax-M3,true,30.4,completed,8646,702,9348,0.0062,1,2,2,60,1.00,60.0,build=P;xctest=P,"build:xcodebuild build succeeded for scheme 'Swiftdata010Fixture' | xctest:2 executed, 2 passed, 0 failed, 0 skipped",2026-09-02T113816-swiftdata-010-opencode
system-001,frameworks,5,opencode,minimax/MiniMax-M3,true,58.4,completed,13098,1525,14623,0.0093,1,1,1,50,1.00,50.0,build=P;xctest=P,"build:xcodebuild build succeeded for scheme 'System001Fixture' | xctest:3 executed, 3 passed, 0 failed, 0 skipped",2026-09-02T113847-system-001-opencode
system-002,frameworks,6,opencode,minimax/MiniMax-M3,true,66.4,completed,10584,1298,11882,0.0081,1,1,0,60,1.00,60.0,build=P;xctest=P,"build:xcodebuild build succeeded for scheme 'System002Fixture' | xctest:3 executed, 3 passed, 0 failed, 0 skipped",2026-09-02T113946-system-002-opencode
system-003,frameworks,4,opencode,minimax/MiniMax-M3,false,53.2,completed,9802,3724,13526,0.0121,2,28,2,40,1.00,0.0,build=F;xctest=F,"build:xcodebuild build failed (exit 65) for scheme 'System003Fixture' | xctest:0 executed, 0 passed, 0 failed, 0 skipped — no tests executed",2026-09-02T114053-system-003-opencode
system-004,frameworks,5,opencode,minimax/MiniMax-M3,true,54.1,completed,13972,826,14798,0.0071,1,1,1,50,1.00,50.0,build=P;xctest=P,"build:xcodebuild build succeeded for scheme 'System004Fixture' | xctest:3 executed, 3 passed, 0 failed, 0 skipped",2026-09-02T114147-system-004-opencode
tests-001,tests,1,opencode,minimax/MiniMax-M3,true,121.0,completed,10888,855,11743,0.0083,1,2,1,10,1.00,10.0,build=P;xctest=P,"build:xcodebuild build succeeded for scheme 'CounterFixture' | xctest:2 executed, 2 passed, 0 failed, 0 skipped",2026-09-02T064248-tests-001-opencode
tests-002,tests,2,opencode,minimax/MiniMax-M3,true,268.1,completed,40248,4208,44456,0.0395,2,16,4,20,1.00,20.0,build=P;xctest=P,"build:xcodebuild build succeeded for scheme 'DecodingFixture' | xctest:5 executed, 5 passed, 0 failed, 0 skipped",2026-09-02T064450-tests-002-opencode
tests-003,tests,3,opencode,minimax/MiniMax-M3,true,56.5,completed,15611,1723,17334,0.0125,1,13,1,30,1.00,30.0,build=P;xctest=P,"build:xcodebuild build succeeded for scheme 'CellReuseFixture' | xctest:2 executed, 2 passed, 0 failed, 0 skipped",2026-09-01T155432-tests-003-opencode
tests-005,tests,5,opencode,minimax/MiniMax-M3,true,144.1,completed,22885,2154,25039,0.0132,1,3,3,50,1.00,50.0,build=P;xctest=P,"build:xcodebuild build succeeded for scheme 'LeakFixture' | xctest:2 executed, 2 passed, 0 failed, 0 skipped",2026-09-02T064919-tests-005-opencode
ui-auto-001,interaction,3,opencode,minimax/MiniMax-M3,true,599.9,completed,64511,21170,85681,0.1421,4,179,1,30,0.58,17.5,build=P;xcuitest=P,"build:xcodebuild build succeeded for scheme 'CounterFixture' | xcuitest:1 executed, 1 passed, 0 failed, 0 skipped",2026-09-02T065144-ui-auto-001-opencode
ui-auto-002,interaction,4,opencode,minimax/MiniMax-M3,true,614.1,completed,93786,23717,117503,0.0851,3,77,67,40,0.43,17.0,build=P;xcuitest=P,"build:xcodebuild build succeeded for scheme 'FormFlowFixture' | xcuitest:1 executed, 1 passed, 0 failed, 0 skipped",2026-09-02T070148-ui-auto-002-opencode
ui-auto-003,interaction,4,opencode,minimax/MiniMax-M3,true,527.0,completed,83190,16132,99322,0.0793,5,85,2,40,0.50,20.1,build=P;xcuitest=P,"build:xcodebuild build succeeded for scheme 'CartFixture' | xcuitest:1 executed, 1 passed, 0 failed, 0 skipped",2026-09-02T071206-ui-auto-003-opencode
ui-auto-004,interaction,5,opencode,minimax/MiniMax-M3,true,484.2,completed,44010,25389,69399,0.0801,2,39,6,50,0.72,36.0,build=P;xcuitest=P,"build:xcodebuild build succeeded for scheme 'SearchFixture' | xcuitest:1 executed, 1 passed, 0 failed, 0 skipped",2026-09-02T072118-ui-auto-004-opencode
ui-auto-005,interaction,5,opencode,minimax/MiniMax-M3,true,1609.4,timeout,,,,,6,135,6,50,0.25,12.5,build=P;xcuitest=P,"build:xcodebuild build succeeded for scheme 'TruncationFixture' | xcuitest:1 executed, 1 passed, 0 failed, 0 skipped",2026-09-02T072927-ui-auto-005-opencode
ui-auto-006,interaction,6,opencode,minimax/MiniMax-M3,true,1073.4,completed,113510,17785,131295,0.1967,4,57,0,60,0.38,22.8,build=P;xcuitest=P,"build:xcodebuild build succeeded for scheme 'RefreshFixture' | xcuitest:1 executed, 1 passed, 0 failed, 0 skipped",2026-09-02T075620-ui-auto-006-opencode
ui-auto-007,interaction,6,opencode,minimax/MiniMax-M3,true,971.7,completed,70314,28143,98457,0.1449,5,119,5,60,0.51,30.5,build=P;xcuitest=P,"build:xcodebuild build succeeded for scheme 'NavigationFixture' | xcuitest:1 executed, 1 passed, 0 failed, 0 skipped",2026-09-02T081418-ui-auto-007-opencode
ui-auto-008,interaction,7,opencode,minimax/MiniMax-M3,true,398.6,completed,125979,14761,140740,0.0854,3,104,2,70,0.36,24.9,build=P;xcuitest=P,"build:xcodebuild build succeeded for scheme 'AdaptiveLayoutFixture' | xcuitest:1 executed, 1 passed, 0 failed, 0 skipped",2026-09-02T083034-ui-auto-008-opencode
ui-auto-009,interaction,7,opencode,minimax/MiniMax-M3,true,594.8,completed,62680,22368,85048,0.1168,3,268,2,70,0.59,41.2,build=P;xcuitest=P,"build:xcodebuild build succeeded for scheme 'GestureFixture' | xcuitest:1 executed, 1 passed, 0 failed, 0 skipped",2026-09-02T083717-ui-auto-009-opencode
ui-auto-010,interaction,8,opencode,minimax/MiniMax-M3,false,545.2,completed,12919,32369,45288,0.0458,0,0,0,80,1.00,0.0,build=P;xcuitest=F,"build:xcodebuild build succeeded for scheme 'SearchFixture' | xcuitest:0 executed, 0 passed, 0 failed, 0 skipped — no tests executed",2026-09-02T084716-ui-auto-010-opencode
ui-auto-011,interaction,4,opencode,minimax/MiniMax-M3,true,739.3,completed,43590,13796,57386,0.0774,3,57,0,40,0.87,34.9,build=P;xcuitest=P,"build:xcodebuild build succeeded for scheme 'RefreshFixture' | xcuitest:1 executed, 1 passed, 0 failed, 0 skipped",2026-09-02T085625-ui-auto-011-opencode
ui-auto-012,interaction,5,opencode,minimax/MiniMax-M3,true,1019.4,completed,29522,34675,64197,0.1852,3,78,7,50,0.78,38.9,build=P;xcuitest=P,"build:xcodebuild build succeeded for scheme 'SearchFixture' | xcuitest:1 executed, 1 passed, 0 failed, 0 skipped",2026-09-02T090848-ui-auto-012-opencode
ui-auto-014,interaction,5,opencode,minimax/MiniMax-M3,true,463.0,completed,43181,14064,57245,0.0700,2,51,0,50,0.87,43.7,build=P;xcuitest=P,"build:xcodebuild build succeeded for scheme 'FormFlowFixture' | xcuitest:1 executed, 1 passed, 0 failed, 0 skipped",2026-09-02T092552-ui-auto-014-opencode
ui-auto-015,interaction,6,opencode,minimax/MiniMax-M3,true,295.3,completed,29958,6800,36758,0.0400,2,39,0,60,1.00,60.0,build=P;xcuitest=P,"build:xcodebuild build succeeded for scheme 'FormFlowFixture' | xcuitest:1 executed, 1 passed, 0 failed, 0 skipped",2026-09-02T093339-ui-auto-015-opencode
ui-auto-016,interaction,5,opencode,minimax/MiniMax-M3,false,1578.4,timeout,192840,56299,249139,0.2893,4,187,2,50,0.25,0.0,build=P;xcuitest=F,"build:xcodebuild build succeeded for scheme 'FormFlowFixture' | xcuitest:1 executed, 0 passed, 1 failed, 0 skipped — failing: FormFlowFixtureUITests/testReturnKeySubmitsWithoutClearingAndAdvancesFocus()",2026-09-02T093839-ui-auto-016-opencode
ui-auto-017,interaction,6,opencode,minimax/MiniMax-M3,true,246.9,completed,26807,5066,31873,0.0289,4,160,0,60,1.00,60.0,build=P;xcuitest=P;file=P,"build:xcodebuild build succeeded for scheme 'SafeAreaFixture' | xcuitest:1 executed, 1 passed, 0 failed, 0 skipped | file:1 file assertion(s) satisfied",2026-09-02T100501-ui-auto-017-opencode
ui-auto-018,interaction,8,opencode,minimax/MiniMax-M3,true,509.5,completed,55228,24785,80013,0.0994,3,124,9,80,0.62,50.0,build=P;xcuitest=P,"build:xcodebuild build succeeded for scheme 'FormFlowFixture' | xcuitest:1 executed, 1 passed, 0 failed, 0 skipped",2026-09-02T100912-ui-auto-018-opencode
ui-auto-019,interaction,5,opencode,minimax/MiniMax-M3,false,355.9,completed,37942,11318,49260,0.0589,2,23,0,50,1.00,0.0,build=P;xcuitest=F,"build:xcodebuild build succeeded for scheme 'DynamicTypeFixture' | xcuitest:1 executed, 0 passed, 1 failed, 0 skipped — failing: WelcomeLabelTests/testWelcomeLabelAppearsAndCanBeTapped()",2026-09-02T101746-ui-auto-019-opencode
visual-001,visual,1,opencode,minimax/MiniMax-M3,true,73.4,completed,9781,725,10506,0.0073,1,1,2,10,1.00,10.0,build=P;xcuitest=P,"build:xcodebuild build succeeded for scheme 'TruncationFixture' | xcuitest:2 executed, 2 passed, 0 failed, 0 skipped",2026-09-02T102346-visual-001-opencode
visual-003,visual,3,opencode,minimax/MiniMax-M3,true,168.9,completed,12408,2201,14609,0.0105,1,15,16,30,1.00,30.0,build=P;xcuitest=P,"build:xcodebuild build succeeded for scheme 'SafeAreaFixture' | xcuitest:1 executed, 1 passed, 0 failed, 0 skipped",2026-09-02T102504-visual-003-opencode
visual-004,visual,4,opencode,minimax/MiniMax-M3,true,247.7,completed,18106,4002,22108,0.0176,1,18,8,40,1.00,40.0,build=P;xcuitest=P,"build:xcodebuild build succeeded for scheme 'DynamicTypeFixture' | xcuitest:2 executed, 2 passed, 0 failed, 0 skipped",2026-09-02T102757-visual-004-opencode
visual-005,visual,5,opencode,minimax/MiniMax-M3,true,197.9,completed,16879,2416,19295,0.0143,1,23,8,50,1.00,50.0,build=P;xcuitest=P,"build:xcodebuild build succeeded for scheme 'AdaptiveLayoutFixture' | xcuitest:2 executed, 2 passed, 0 failed, 0 skipped",2026-09-02T103209-visual-005-opencode
widget-001,frameworks,3,opencode,minimax/MiniMax-M3,false,25.1,completed,7390,982,8372,0.0059,1,1,1,30,1.00,0.0,build=F;xctest=F,"build:xcodebuild build failed (exit 65) for scheme 'WidgetTimelineFixture' | xctest:0 executed, 0 passed, 0 failed, 0 skipped — no tests executed",2026-09-02T103531-widget-001-opencode
widget-002,frameworks,5,opencode,minimax/MiniMax-M3,false,208.0,completed,39722,18895,58617,0.0632,2,80,18,50,0.85,0.0,build=P;xctest=F,"build:xcodebuild build succeeded for scheme 'Widget002Fixture' | xctest:0 executed, 0 passed, 0 failed, 0 skipped — no tests executed",2026-09-02T114242-widget-002-opencode
widget-003,frameworks,4,opencode,minimax/MiniMax-M3,true,38.5,completed,17140,940,18080,0.0108,1,1,1,40,1.00,40.0,build=P;xctest=P,"build:xcodebuild build succeeded for scheme 'Widget003Fixture' | xctest:3 executed, 3 passed, 0 failed, 0 skipped",2026-09-02T114611-widget-003-opencode
